,cpu_usage,mem_usage_mb,app_rps_1m,app_rps_irate,ingress_rps_1m,rps_diff_1m,app_p99_latency,ingress_p50_latency,ingress_p75_latency,ingress_p95_latency,ingress_p99_latency,nginx_active_conn,nginx_writing_conn,latency_gap
2026-04-07 08:37:49,0.11692708148016369,28.42578125,9.92727636370248,9.0000400080016,9.233333333333333,0.6939430303691481,0.09322289156626508,0.011065573770491806,0.03301056338028171,0.08684466019417479,0.16918750000000016,11.0,1.0,0.027223230490018235
2026-04-07 08:38:04,0.10552007954921638,29.421875,10.018181818181818,10.2,9.9,0.11818181818181728,0.09192142857142852,0.00817204301075269,0.026858108108108104,0.07561643835616433,0.09950684931506845,11.0,1.0,0.014960869565217513
2026-04-07 08:38:19,0.11633509947015896,29.390625,9.800003636429754,8.8000400080016,9.9,0.09999636357024677,0.09070833333333331,0.00817204301075269,0.026858108108108104,0.07561643835616433,0.09950684931506845,11.0,1.0,0.015607023411371282
2026-04-07 08:38:34,0.12000986880568744,29.67578125,9.709090909090909,11.599960007998401,8.833333333333334,0.8757575757575751,0.0901250000000001,0.0075,0.024324127906976745,0.0625480769230769,0.09481730769230771,11.0,1.0,0.03987994071146228
2026-04-07 08:38:49,0.11120425569721476,29.65625,9.527272727272727,9.4000400080016,8.833333333333334,0.6939393939393934,0.08918627450980396,0.0075,0.024324127906976745,0.0625480769230769,0.09481730769230771,11.0,1.0,0.03667806905370828
2026-04-07 08:39:04,0.11076927791044144,29.44140625,9.854545454545454,10.8,9.466666666666667,0.3878787878787868,0.0881808510638298,0.006839080459770113,0.02356936416184971,0.057613636363636284,0.09606818181818186,11.0,1.0,0.03737717391304349
2026-04-07 08:39:19,0.10507408952209513,30.02734375,9.909090909090908,9.799999999999999,9.466666666666667,0.4424242424242415,0.08840624999999992,0.006839080459770113,0.02356936416184971,0.057613636363636284,0.09606818181818186,11.0,1.0,0.03659954233409615
2026-04-07 08:39:34,0.10756480815739589,30.36328125,10.018181818181818,10.5999600079984,9.6,0.418181818181818,0.08582051282051294,0.005583333333333332,0.021795454545454555,0.04947222222222223,0.09375714285714284,11.0,2.0,0.028403361344538025
2026-04-07 08:39:49,0.10750246561708285,29.6171875,9.909087272793386,8.8,9.6,0.309087272793386,0.0847361111111112,0.005583333333333332,0.021795454545454555,0.04947222222222223,0.09375714285714284,11.0,2.0,0.026485714285714418
2026-04-07 08:40:04,0.10555552717732013,30.12109375,9.763632727338841,9.4,9.566666666666666,0.1969660606721746,0.08376470588235288,0.0049710648148148144,0.020323795180722883,0.04844726562499998,0.09259677419354834,11.0,1.0,0.03512179487179472
2026-04-07 08:40:19,0.10996643445218493,30.05859375,9.872727272727273,10.6,9.566666666666666,0.3060606060606066,0.08358823529411759,0.0049710648148148144,0.020323795180722883,0.04844726562499998,0.09259677419354834,11.0,1.0,0.034891025641025544
2026-04-07 08:40:34,0.10377455430730603,30.046875,9.672730909157027,9.8000400080016,9.266666666666666,0.4060642424903609,0.08458333333333343,0.005078947368421053,0.020382947976878615,0.04774224806201549,0.08874137931034491,11.0,1.0,0.03728285356695879
2026-04-07 08:40:49,0.10647255338944538,29.984375,9.636360000066114,9.4,9.266666666666666,0.3696933333994483,0.08376470588235288,0.005078947368421053,0.020382947976878615,0.04774224806201549,0.08874137931034491,11.0,1.0,0.038189716312056615
2026-04-07 08:41:04,0.10710895760150313,29.9375,9.63636727279339,10.0000400080016,9.133333333333333,0.5030339394600567,0.08287500000000006,0.005718085106382981,0.02015052356020942,0.0469111570247934,0.08446296296296306,11.0,1.0,0.03391428571428554
2026-04-07 08:41:19,0.11204528562327462,29.9375,9.618181818181817,10.6,9.133333333333333,0.4848484848484844,0.08290624999999993,0.005718085106382981,0.02015052356020942,0.0469111570247934,0.08446296296296306,11.0,1.0,0.035026785714285726
2026-04-07 08:41:34,0.10888531776913109,29.83203125,9.545454545454545,9.7999600079984,9.333333333333334,0.21212121212121104,0.08353030303030301,0.0061666666666666675,0.021090425531914897,0.04757692307692307,0.08692857142857147,11.0,1.0,0.03476785714285731
2026-04-07 08:41:49,0.1106889423831703,29.98046875,9.818178181884296,10.9999600079984,9.333333333333334,0.48484484855096177,0.08605128205128217,0.0061666666666666675,0.021090425531914897,0.04757692307692307,0.08692857142857147,11.0,1.0,0.039899999999999894
2026-04-07 08:42:04,0.11692787839586027,29.61328125,9.654545454545454,9.6,9.433333333333334,0.22121212121212075,0.08565789473684202,0.007146739130434784,0.021935279187817264,0.049081439393939406,0.09090000000000001,12.0,1.0,0.029275568181818395
2026-04-07 08:42:19,0.14518022636747252,30.37890625,9.709090909090909,9.7999600079984,9.433333333333334,0.2757575757575754,0.08851162790697678,0.007146739130434784,0.021935279187817264,0.049081439393939406,0.09090000000000001,12.0,1.0,0.033260416666666806
2026-04-07 08:42:34,0.14272572368678751,29.984375,9.672727272727272,9.3999600079984,9.1,0.5727272727272723,0.08928260869565212,0.008426966292134831,0.0247554347826087,0.07195652173913039,1.2733333333333396,12.0,1.0,0.024758620689655328
2026-04-07 08:42:49,0.1450584212208374,30.453125,9.672727272727272,10.3999600079984,9.1,0.5727272727272723,0.09059433962264145,0.008426966292134831,0.0247554347826087,0.07195652173913039,1.2733333333333396,12.0,1.0,0.02407812500000016
2026-04-07 08:43:04,0.11258879727512504,30.20703125,9.818185454611571,9.8,9.266666666666666,0.5515187879449055,0.09084259259259256,0.00993421052631579,0.026835664335664346,0.07906779661016952,1.2766666666666682,12.0,1.0,0.02062931034482754
2026-04-07 08:43:19,0.11625603706476967,29.8671875,9.799999999999999,10.199960007998401,9.266666666666666,0.5333333333333332,0.09191935483870972,0.00993421052631579,0.026835664335664346,0.07906779661016952,1.2766666666666682,12.0,1.0,0.020949999999999996
2026-04-07 08:43:34,0.10969088439294453,30.11328125,9.818181818181818,8.6000400080016,9.533333333333333,0.28484848484848513,0.09141379310344826,0.009660493827160496,0.026585144927536237,0.08027777777777778,1.271666666666662,11.0,1.0,0.022229166666666605
2026-04-07 08:43:49,0.10271801883925856,30.06640625,9.818185454611571,10.000040008001601,9.533333333333333,0.284852121278238,0.09095454545454566,0.009660493827160496,0.026585144927536237,0.08027777777777778,1.271666666666662,11.0,1.0,0.020024999999999932
2026-04-07 08:44:04,0.10568768888888891,30.33203125,9.727269090975204,8.8,9.533651121704057,0.1936179692711466,0.0899454545454546,0.007738095238095236,0.022584134615384617,0.059693877551020354,0.09438775510204071,11.0,1.0,0.042289251207729556
2026-04-07 08:44:19,0.11145325156213849,30.2734375,10.072730909157025,10.8000400080016,9.533651121704057,0.5390797874529678,0.08865306122448971,0.007738095238095236,0.022584134615384617,0.059693877551020354,0.09438775510204071,11.0,1.0,0.038597222222222366
2026-04-07 08:44:34,0.12232506039473083,30.0703125,9.818181818181818,7.3999999999999995,9.699676677444085,0.11850514073773333,0.08794565217391297,0.007131578947368423,0.021684782608695656,0.051062499999999976,0.09421250000000024,11.0,1.0,0.037703674948240076
2026-04-07 08:44:49,0.10866484806967751,30.50390625,9.745454545454546,10.4,9.699676677444083,0.0457778680104628,0.08584615384615385,0.007131578947368423,0.021684782608695656,0.051062499999999976,0.09421250000000024,11.0,1.0,0.035715579710144954
2026-04-07 08:45:04,0.10801645959435051,30.46484375,9.418181818181818,8.5999600079984,8.8,0.6181818181818173,0.08637499999999995,0.006478494623655913,0.02102157360406092,0.048005952380952385,0.09067241379310356,11.0,1.0,0.03427922077922088
2026-04-07 08:45:19,0.1065653202111651,30.61328125,9.4,9.5999600079984,8.8,0.5999999999999996,0.08481944444444445,0.006478494623655913,0.02102157360406092,0.048005952380952385,0.09067241379310356,11.0,1.0,0.037504010695187065
2026-04-07 08:45:34,0.11503452568677916,30.5703125,9.672727272727272,10.4,9.4,0.2727272727272716,0.08660975609756091,0.0073138297872340444,0.022211538461538467,0.049468283582089566,0.09504411764705875,11.0,1.0,0.03018928571428582
2026-04-07 08:45:49,0.11217095464429351,30.53515625,9.745458181884299,8.6,9.4,0.34545818188429855,0.08635000000000007,0.0073138297872340444,0.022211538461538467,0.049468283582089566,0.09504411764705875,11.0,1.0,0.030714285714285736
2026-04-07 08:46:04,0.10249312200407716,30.2578125,9.854545454545454,10.0,9.600320010667023,0.2542254438784308,0.08450000000000009,0.00633720930232558,0.02268895348837209,0.049700704225352096,0.09278378378378363,11.0,1.0,0.03388345864661667
2026-04-07 08:46:19,0.09600849532650585,30.8359375,9.49090909090909,7.8,9.600320010667023,0.10941091975793249,0.08472857142857126,0.00633720930232558,0.02268895348837209,0.049700704225352096,0.09278378378378363,11.0,1.0,0.03282773109243721
2026-04-07 08:46:34,0.0951462144130787,30.6328125,9.363636363636363,9.7999600079984,8.633045565147828,0.7305907984885351,0.08515277777777777,0.006189024390243904,0.021610962566844923,0.05072368421052622,0.09435526315789479,11.0,1.0,0.03515000000000018
2026-04-07 08:46:49,0.09818213159968474,30.6328125,9.218178181884296,8.4,8.633045565147826,0.5851326167364697,0.08502777777777783,0.006189024390243904,0.021610962566844923,0.05072368421052622,0.09435526315789479,11.0,1.0,0.03287307692307688
2026-04-07 08:47:04,0.10164063817368169,30.84765625,9.563636363636363,10.8000400080016,9.233333333333333,0.3303030303030301,0.0844857142857143,0.005487804878048784,0.02058823529411765,0.049078947368421055,0.0922941176470589,11.0,2.0,0.03486904761904769
2026-04-07 08:47:19,0.08434244008664268,30.84765625,7.890905454611569,0.4,9.233333333333333,1.3424278787217636,0.08412903225806463,0.005487804878048784,0.02058823529411765,0.049078947368421055,0.0922941176470589,11.0,2.0,0.0328084415584417
2026-04-07 08:47:34,0.04558033020867994,30.77734375,5.509090909090909,0.40004000800160033,4.566666666666666,0.9424242424242424,0.08171739130434778,0.0063,0.0199485294117647,0.049171875000000004,0.09333928571428571,11.0,1.0,0.0122291666666665
2026-04-07 08:47:49,0.03713804520572134,30.01171875,2.890912727338844,0.40004000800160033,4.566666666666666,1.6757539393278225,0.08168421052631586,0.0063,0.0199485294117647,0.049171875000000004,0.09333928571428571,11.0,1.0,0.018062500000000162
2026-04-07 08:48:04,0.0032435804439285986,30.41015625,0.41818181818181815,0.4,0.0,0.41818181818181815,0.08224999999999993,0.006499999999999999,0.020592783505154637,0.049681818181818174,0.09405555555555559,11.0,1.0,0.016700336700336844
2026-04-07 08:48:19,0.0032582583117924933,30.79296875,0.39999636370247815,0.3999600079984003,0.0,0.39999636370247815,0.08022727272727262,0.006499999999999999,0.020592783505154637,0.049681818181818174,0.09405555555555559,11.0,1.0,0.015338173400673526
2026-04-07 08:48:34,0.0032650257376930234,30.01953125,0.39999999999999997,0.3999600079984003,0.0,0.39999999999999997,0.07466666666666648,0.00875,0.02275,0.0634375,0.0976875000000001,2.0,1.0,0.013976010101010206
2026-04-07 08:48:49,0.002967981393545825,30.08984375,0.39999999999999997,0.4,0.0,0.39999999999999997,0.07999999999999995,0.00875,0.02275,0.0634375,0.0976875000000001,2.0,1.0,0.012613846801346888
2026-04-07 08:49:04,0.002757028035226481,30.75,0.39999999999999997,0.4,0.0,0.39999999999999997,0.0495,0.011294117647058826,0.027366666666666668,0.07047727272727272,0.1215500000000001,1.0,1.0,0.01125168350168357
2026-04-07 08:49:19,0.002888683159702576,30.3125,0.40000363642975323,0.40004000800160033,0.0,0.40000363642975323,0.0495,0.01383823529411765,0.031983333333333336,0.07751704545454544,0.1454125000000001,1.0,1.0,0.00988952020202025
2026-04-07 08:49:34,0.0029686934925166387,30.34765625,0.39999999999999997,0.4,0.0,0.39999999999999997,0.0495,0.016382352941176473,0.0366,0.08455681818181816,0.16927500000000012,1.0,1.0,0.008527356902356932
2026-04-07 08:49:49,0.01133011262103663,30.27734375,0.8909090909090909,5.4,0.0,0.8909090909090909,0.07499999999999984,0.018926470588235298,0.041216666666666665,0.09159659090909089,0.19313750000000013,1.0,1.0,0.007165193602693614
2026-04-07 08:50:04,0.053356814403834156,21.875,3.327272727272727,10.2000400080016,2.2,1.127272727272727,0.09233333333333334,0.021470588235294123,0.04583333333333334,0.0986363636363636,0.21700000000000014,11.0,4.0,0.005803030303030296
2026-04-07 08:50:19,0.09285398689060052,23.828125,6.1090909090909085,10.0,2.2,3.9090909090909083,0.09157500000000005,0.021470588235294123,0.04583333333333334,0.0986363636363636,0.21700000000000014,11.0,4.0,0.006761363636363649
2026-04-07 08:50:34,0.11920143745561756,25.0078125,8.672727272727272,8.8,9.633333333333333,0.9606060606060609,0.09203333333333333,0.01704268292682927,0.04028716216216217,0.08840909090909092,0.14350000000000063,11.0,1.0,0.00638106060606064
2026-04-07 08:50:49,0.11407403415076328,26.66796875,10.07272363642975,10.3999600079984,9.633333333333333,0.4393903030964168,0.09109999999999996,0.01704268292682927,0.04028716216216217,0.08840909090909092,0.14350000000000063,11.0,1.0,0.004451298701298817
2026-04-07 08:51:04,0.12108612796283343,28.9765625,9.872727272727273,7.8000400080016,9.4,0.47272727272727266,0.09056250000000005,0.013199300699300696,0.03457991803278688,0.08476666666666663,0.1438333333333329,11.0,1.0,0.015019230769230688
2026-04-07 08:51:19,0.11321580742424962,26.96484375,9.672730909157027,10.8,9.4,0.27273090915702625,0.09027173913043478,0.013199300699300696,0.03457991803278688,0.08476666666666663,0.1438333333333329,11.0,1.0,0.012845238095238118
2026-04-07 08:51:34,0.11316892211602149,27.33203125,9.49090909090909,8.4,9.133333333333333,0.35757575757575744,0.08934375000000012,0.01065721649484536,0.029235197368421062,0.07740384615384613,0.09907051282051278,11.0,2.0,0.030327731092437034
2026-04-07 08:51:49,0.10219021062590228,26.7734375,9.672727272727272,11.3999600079984,9.133333333333333,0.5393939393939391,0.08888,0.01065721649484536,0.029235197368421062,0.07740384615384613,0.09907051282051278,11.0,2.0,0.032952380952381045
2026-04-07 08:52:04,0.10433034280453077,27.7421875,9.618181818181817,8.8,9.433333333333334,0.1848484848484837,0.087788888888889,0.007884615384615384,0.02271658415841584,0.06388297872340422,0.09958510638297874,11.0,1.0,0.028495726495726653
2026-04-07 08:52:19,0.10039752037784733,29.34375,9.799999999999999,11.599960007998401,9.433333333333334,0.36666666666666536,0.0852027027027028,0.007884615384615384,0.02271658415841584,0.06388297872340422,0.09958510638297874,11.0,1.0,0.02528461538461553
2026-04-07 08:52:34,0.10752796825719818,29.2265625,9.799996363702478,8.8,9.300310010333678,0.49968635336879963,0.08437142857142843,0.007422680412371132,0.020990783410138245,0.048947368421052614,0.09339393939393943,11.0,1.0,0.03763026315789479
2026-04-07 08:52:49,0.10942605782198263,29.75,9.781821818247934,10.2000400080016,9.300310010333678,0.48151180791425574,0.0840147058823529,0.007422680412371132,0.020990783410138245,0.048947368421052614,0.09339393939393943,11.0,1.0,0.03327192982456159
2026-04-07 08:53:04,0.1186445584587679,29.75,9.509087272793387,9.199960007998401,9.333333333333334,0.17575393946005313,0.0840147058823529,0.007075471698113206,0.02076086956521739,0.04848290598290596,0.09153124999999981,11.0,1.0,0.03223511904761896
2026-04-07 08:53:19,0.10849409769633965,29.78125,9.618181818181817,8.199960007998401,9.333333333333334,0.28484848484848335,0.08245161290322597,0.007075471698113206,0.02076086956521739,0.04848290598290596,0.09153124999999981,11.0,1.0,0.03325416666666671
2026-04-07 08:53:34,0.1073260898224644,29.9765625,9.745454545454544,11.200000000000001,8.933035565481152,0.8124189799733923,0.08337878787878783,0.007242268041237114,0.021436567164179104,0.04711466165413534,0.08546000000000006,11.0,1.0,0.0369980053191489
2026-04-07 08:53:49,0.0720025500000002,29.9765625,9.690909090909091,8.4,8.933035565481148,0.757873525427943,0.08171666666666659,0.007242268041237114,0.021436567164179104,0.04711466165413534,0.08546000000000006,11.0,1.0,0.03600425531914883
2026-04-07 08:54:04,0.10436801267188535,30.234375,9.909090909090908,10.0,9.533333333333333,0.37575757575757507,0.08290624999999982,0.007070707070707071,0.021881578947368422,0.04857407407407407,0.0900937499999999,11.0,2.0,0.034481617647058926
2026-04-07 08:54:19,0.11048528351927112,29.71875,9.763640000066117,8.2,9.533333333333333,0.23030666673278333,0.08343939393939392,0.007070707070707071,0.021881578947368422,0.04857407407407407,0.0900937499999999,11.0,2.0,0.03557638888888873
2026-04-07 08:54:34,0.11109633090939265,29.5078125,9.618181818181817,10.200040008001599,9.333644454815161,0.28453736336665614,0.08120689655172408,0.007058823529411767,0.021662303664921466,0.04784926470588237,0.08867857142857152,11.0,1.0,0.029005565862708853
2026-04-07 08:54:49,0.11080058070955476,30.5,9.563632727338842,10.4,9.333644454815161,0.2299882725236806,0.08057142857142875,0.007058823529411767,0.021662303664921466,0.04784926470588237,0.08867857142857152,11.0,1.0,0.029141929499072246
2026-04-07 08:55:04,0.10846671319964538,29.87109375,9.654549090975207,10.200000000000001,9.033032232258925,0.6215168587162818,0.07896153846153849,0.007219387755102042,0.021213768115942035,0.047667322834645684,0.08729310344827589,11.0,1.0,0.02542032163742689
2026-04-07 08:55:19,0.11041895414189137,30.046875,9.818185454611571,10.6,9.033032232258924,0.7851532223526476,0.08023214285714293,0.007219387755102042,0.021213768115942035,0.047667322834645684,0.08729310344827589,11.0,1.0,0.02785921052631561
2026-04-07 08:55:34,0.1102629314290944,30.00390625,9.836360000066113,9.2,9.8,0.03636000006611262,0.07506818181818174,0.00713235294117647,0.02060763888888889,0.046149999999999976,0.08163043478260854,11.0,1.0,0.028565789473684343
2026-04-07 08:55:49,0.112514014466546,30.21484375,10.0,10.3999600079984,9.8,0.1999999999999993,0.07500000000000001,0.00713235294117647,0.02060763888888889,0.046149999999999976,0.08163043478260854,11.0,1.0,0.03056578947368415
2026-04-07 08:56:04,0.11591536236585286,30.19921875,9.909087272793387,9.999960007998402,9.466666666666667,0.44242060612672063,0.07486363636363652,0.007627551020408165,0.021617990654205617,0.047180656934306585,0.08559615384615389,11.0,1.0,0.02621907600596144
2026-04-07 08:56:19,0.11267403988966679,30.11328125,9.872730909157026,10.4000400080016,9.466666666666667,0.4060642424903591,0.07227499999999991,0.007627551020408165,0.021617990654205617,0.047180656934306585,0.08559615384615389,11.0,1.0,0.02093624772313258
2026-04-07 08:56:34,0.10786042840542862,30.5625,9.890912727338844,10.0000400080016,9.333333333333334,0.5575793940055096,0.07580434782608685,0.007241379310344827,0.021696891191709845,0.04680743243243242,0.08352173913043487,11.0,1.0,0.03460204081632667
2026-04-07 08:56:49,0.10232747933884305,30.6171875,9.890912727338844,9.0000400080016,9.333333333333334,0.5575793940055096,0.07340476190476211,0.007241379310344827,0.021696891191709845,0.04680743243243242,0.08352173913043487,11.0,1.0,0.02178954081632658
2026-04-07 08:57:04,0.1043921374490391,30.69140625,9.690912727338844,9.600040008001601,9.4,0.2909127273388439,0.0723249999999999,0.007008928571428572,0.021779891304347827,0.04661666666666665,0.0822380952380953,11.0,1.0,0.026687499999999954
2026-04-07 08:57:19,0.10634473324213393,30.87109375,9.745450909157023,10.0,9.4,0.34545090915702303,0.07388095238095238,0.007008928571428572,0.021779891304347827,0.04661666666666665,0.0822380952380953,11.0,1.0,0.03182386363636349
2026-04-07 08:57:34,0.1081023127258981,30.66796875,9.872730909157026,10.8,9.5,0.3727309091570259,0.07851923076923087,0.006811926605504589,0.020511083743842362,0.04527052238805968,0.07508823529411753,11.0,1.0,0.03301068376068363
2026-04-07 08:57:49,0.10665724710092758,30.86328125,9.872727272727273,8.8,9.5,0.372727272727273,0.07591304347826093,0.006811926605504589,0.020511083743842362,0.04527052238805968,0.07508823529411753,11.0,1.0,0.03301068376068363
2026-04-07 08:58:04,0.11034721798614464,30.45703125,11.836363636363636,20.7999600079984,9.766666666666666,2.0696969696969703,0.08449999999999996,0.005865384615384613,0.019974226804123706,0.04623015873015871,0.08499999999999978,15.0,1.0,0.041191126997476825
2026-04-07 08:58:19,0.15012306239845477,30.96484375,14.072730909157025,18.8000400080016,9.766666666666666,4.3060642424903595,0.08658,0.005865384615384613,0.019974226804123706,0.04623015873015871,0.08499999999999978,15.0,1.0,0.042186136071887044
2026-04-07 08:58:34,0.18773491486784888,31.01953125,16.272727272727273,18.6,17.9,1.6272727272727252,0.08787499999999994,0.00826171875,0.02377941176470589,0.06937499999999994,0.16197368421052613,21.0,3.0,0.002120155038759536
2026-04-07 08:58:49,0.22168439808368506,31.4765625,18.600003636429754,18.6,17.9,0.7000036364297557,0.08783870967741951,0.00826171875,0.02377941176470589,0.06937499999999994,0.16197368421052613,21.0,3.0,0.0019534883720928597
2026-04-07 08:59:04,0.2127343154918011,31.98828125,18.709090909090907,18.6000400080016,18.9,0.19090909090909136,0.08801449275362315,0.009155629139072845,0.024583333333333332,0.07043604651162785,0.1397105263157885,21.0,1.0,0.027347426470588083
2026-04-07 08:59:19,0.21595512560128288,31.02734375,19.254545454545454,19.2,18.9,0.3545454545454554,0.08821052631578938,0.009155629139072845,0.024583333333333332,0.07043604651162785,0.1397105263157885,21.0,1.0,0.02671974789915966
2026-04-07 08:59:34,0.21644846786034394,30.9296875,19.054545454545455,18.399960007998402,18.5,0.5545454545454547,0.08934999999999998,0.010240147783251228,0.026288006756756757,0.07181623931623923,0.10361764705882048,21.0,1.0,0.022629360465116308
2026-04-07 08:59:49,0.21374119590473423,30.71875,18.87272727272727,19.199960007998403,18.5,0.37272727272727124,0.0892631578947371,0.010240147783251228,0.026288006756756757,0.07181623931623923,0.10361764705882048,21.0,1.0,0.023276388888889027
2026-04-07 09:00:04,0.21341780280204872,31.91015625,19.254549090975207,19.4,18.766666666666666,0.4878824243085411,0.08831818181818182,0.009121621621621622,0.024469602977667503,0.06456422018348623,0.09548165137614689,21.0,1.0,0.02013736263736267
2026-04-07 09:00:19,0.2024758799638986,31.1796875,19.07272727272727,18.0,18.766666666666666,0.3060606060606048,0.0873546511627907,0.009121621621621622,0.024469602977667503,0.06456422018348623,0.09548165137614689,21.0,1.0,0.017555749128919787
2026-04-07 09:00:34,0.21212769577412974,31.84765625,19.236360000066114,18.1999600079984,18.8,0.436360000066113,0.08731395348837198,0.00840686274509804,0.02422,0.06257575757575759,0.09655555555555562,21.0,1.0,0.03752582496413208
2026-04-07 09:00:49,0.2123122842213307,32.19921875,19.490912727338845,21.4000400080016,18.8,0.6909127273388442,0.08797802197802189,0.00840686274509804,0.02422,0.06257575757575759,0.09655555555555562,21.0,1.0,0.037031617647058854
2026-04-07 09:01:04,0.22094235126849449,32.0546875,19.83636727279339,23.4000400080016,19.4,0.43636727279339027,0.0885618556701031,0.008094594594594596,0.02341165413533835,0.062123655913978434,0.09887634408602163,21.0,1.0,0.023168449197861263
2026-04-07 09:01:19,0.23907412479877002,32.421875,22.05454181824793,29.7999600079984,19.4,2.6545418182479317,0.08927064220183492,0.008094594594594596,0.02341165413533835,0.062123655913978434,0.09887634408602163,21.0,1.0,0.026050551470588365
2026-04-07 09:01:34,0.2667250205158917,32.4140625,24.490905454611568,29.4,24.7,0.20909454538843164,0.08910087719298247,0.010563304721030044,0.026899509803921567,0.0821938775510204,0.182607142857143,31.0,2.0,0.008110046265697307
2026-04-07 09:01:49,0.2883167821914154,32.6484375,26.89090909090909,29.400000000000002,24.7,2.1909090909090914,0.08996946564885495,0.010563304721030044,0.026899509803921567,0.0821938775510204,0.182607142857143,31.0,2.0,0.006921810971579678
2026-04-07 09:02:04,0.2981031206289489,32.4140625,28.25454545454545,27.199960007998403,28.534284476149207,0.2797390216037563,0.08966165413533835,0.011850282485875704,0.030793128654970747,0.089690366972477,0.19892968749999987,31.0,1.0,0.0005226045883940378
2026-04-07 09:02:19,0.29446079098697336,32.37890625,28.436367272793387,28.0000400080016,28.534284476149207,0.09791720335581999,0.09055228758169931,0.011850282485875704,0.030793128654970747,0.089690366972477,0.19892968749999987,31.0,1.0,0.00012437343358395747
2026-04-07 09:02:34,0.2996444623456027,32.3984375,28.436367272793387,28.599999999999998,27.7,0.7363672727933874,0.09118604651162789,0.012569204152249137,0.033184143222506415,0.09137546468401492,0.2014399999999999,31.0,3.0,0.006940870098039231
2026-04-07 09:02:49,0.29914052925546364,32.3984375,28.254549090975207,28.8,27.7,0.5545490909752075,0.09161702127659578,0.012569204152249137,0.033184143222506415,0.09137546468401492,0.2014399999999999,31.0,3.0,0.007314411764705944
2026-04-07 09:03:04,0.31073852886917613,32.33984375,28.636363636363637,28.400000000000002,28.132395586813775,0.5039680495498615,0.09180303030303033,0.012571047957371228,0.034382054176072235,0.08942439862542957,0.19159230769230787,31.0,1.0,0.0013981981981982111
2026-04-07 09:03:19,0.3100309790102652,32.33984375,28.49090909090909,28.399960007998402,28.132395586813768,0.35851350409532046,0.09210922330097088,0.012571047957371228,0.034382054176072235,0.08942439862542957,0.19159230769230787,31.0,1.0,0.0012517696267697054
2026-04-07 09:03:34,0.3157827784020348,32.3671875,28.545450909157022,29.0,28.03333333333333,0.5121175758236909,0.09254128440366975,0.013927272727272729,0.03686170212765959,0.0934237288135593,0.20912941176470606,31.0,1.0,0.02333771929824556
2026-04-07 09:03:49,0.3237336036825956,32.3984375,28.763640000066115,27.2,28.03333333333333,0.7303066667327833,0.09279424778761063,0.013927272727272729,0.03686170212765959,0.0934237288135593,0.20912941176470606,31.0,1.0,0.02327155172413785
2026-04-07 09:04:04,0.2795861361578384,32.6484375,30.16363636363636,39.199999999999996,28.599999999999998,1.5636363636363626,0.09365909090909091,0.015524038461538464,0.03994406614785992,0.09731191222570529,0.21745833333333345,32.0,2.0,0.004013826075720345
2026-04-07 09:04:19,0.2925297667957835,32.6484375,32.63636000006611,39.3999600079984,28.599999999999998,4.036360000066114,0.09403767123287675,0.015524038461538464,0.03994406614785992,0.09731191222570529,0.21745833333333345,32.0,2.0,0.003397055685939787
2026-04-07 09:04:34,0.37371614394412284,32.9375,34.854549090975205,38.400040008001604,36.56666666666666,1.7121175756914582,0.09437227414330217,0.019768786127167634,0.049951830443159914,0.1697607655502391,0.25037037037036985,41.0,7.0,0.1203178238341967
2026-04-07 09:04:49,0.39280170960751226,32.3984375,37.309094545520665,38.0,36.56666666666666,0.7424278788540022,0.09440624999999997,0.019768786127167634,0.049951830443159914,0.1697607655502391,0.25037037037036985,41.0,7.0,0.1202395238095236
2026-04-07 09:05:04,0.3819417309925542,32.3984375,37.8,37.1999600079984,37.56666666666666,0.23333333333333428,0.09445738636363639,0.021579892280071816,0.058362831858407085,0.1813568773234199,0.2514999999999965,41.0,3.0,0.08183883704235431
2026-04-07 09:05:19,0.3885173689357541,32.375,37.806153734247424,38.8,37.56666666666666,0.239487067580761,0.09484183673469385,0.021579892280071816,0.058362831858407085,0.1813568773234199,0.2514999999999965,41.0,3.0,0.08181285714285685
2026-04-07 09:05:34,0.4257831924301784,32.57421875,36.89090545461157,32.9,36.93456448548285,0.04365903087128231,0.0952446555819477,0.02713143872113677,0.07220670391061454,0.20090225563909792,0.269142857142861,41.0,9.0,0.109645267623139
2026-04-07 09:05:49,0.287289225,32.57421875,33.9272690909752,24.2,36.93456448548285,3.0072953945076506,0.095842105263158,0.02713143872113677,0.07220670391061454,0.20090225563909792,0.269142857142861,41.0,9.0,0.10858892176199858
2026-04-07 09:06:04,0.45229367835660006,32.91015625,24.49404402777778,24.2,28.599046698443388,4.105002670665609,0.09594389027431423,0.0375259336099585,0.09162109374999998,0.3845170454545447,4.752916666666679,42.0,24.0,4.1570112994350294
2026-04-07 09:06:19,0.4733008772286075,32.94140625,15.300055030369148,0.2,28.59904669844338,13.298991668074233,0.09593030303030307,0.0375259336099585,0.09162109374999998,0.3845170454545447,4.752916666666679,42.0,24.0,4.156343137254901
2026-04-07 09:06:34,0.499843991523311,32.94140625,6.710800000000001,0.2,0.0,6.710800000000001,0.09621453900709219,0.0511441647597254,0.126949860724234,1.1699999999999757,6.067999999999941,42.0,42.0,4.598614649027222
2026-04-07 09:06:49,0.49995955091039523,32.94140625,0.19999999999999998,0.1999600079984003,0.0,0.19999999999999998,0.09667735042735044,0.0511441647597254,0.126949860724234,1.1699999999999757,6.067999999999941,42.0,42.0,5.040886160799542
2026-04-07 09:07:04,0.4998643298449122,32.9453125,0.19999999999999998,0.2,0.0,0.19999999999999998,0.09715536723163846,0.08672316384180791,0.2322368421052631,4.254166666666663,8.284000000000006,42.0,42.0,5.4831576725718625
2026-04-07 09:07:19,0.49997304076473403,32.9453125,0.19999999999999998,0.2,0.0,0.19999999999999998,0.09782352941176471,0.08672316384180791,0.2322368421052631,4.254166666666663,8.284000000000006,42.0,42.0,5.925429184344183
2026-04-07 09:07:34,0.5001702229204369,31.328125,0.19999636370247814,0.1999600079984003,0.0,0.19999636370247814,0.09939393939393941,0.08363806980585682,0.2257472121710526,4.892592592592589,8.474666666666671,42.0,42.0,6.367700696116504
2026-04-07 09:07:49,0.5000960351542993,31.328125,0.20000363642975327,0.20004000800160032,0.0,0.20000363642975327,0.09883329929619807,0.08055297576990575,0.21925758223684205,5.531018518518516,8.665333333333338,42.0,42.0,6.8099722078888245
2026-04-07 09:08:04,0.5000821040912876,31.328125,0.20000363642975327,0.20004000800160032,0.0,0.20000363642975327,0.09827265919845671,0.07746788173395466,0.21276795230263154,6.1694444444444425,8.856000000000003,42.0,42.0,7.252243719661145
2026-04-07 09:08:19,0.49981762148108333,31.328125,0.19999999999999998,0.20004000800160032,0.0,0.19999999999999998,0.09771201910071536,0.07438278769800358,0.20627832236842103,6.8078703703703685,9.04666666666667,42.0,42.0,7.694515231433465
2026-04-07 09:08:34,0.4213889451630598,31.328125,0.19999636370247814,0.1999600079984003,0.0,0.19999636370247814,0.097151379002974,0.0712976936620525,0.1997886924342105,7.446296296296294,9.237333333333336,42.0,42.0,8.136786743205786
2026-04-07 09:08:49,0.49999719424672995,31.328125,0.19999636370247814,0.1999600079984003,0.0,0.19999636370247814,0.09659073890523266,0.06821259962610142,0.19329906249999998,8.084722222222222,9.428000000000003,42.0,42.0,8.579058254978106
2026-04-07 09:09:04,0.5002676267065637,31.328125,0.19999999999999998,0.2,0.0,0.19999999999999998,0.0960300988074913,0.06512750559015035,0.18680943256578947,8.723148148148148,9.618666666666668,42.0,42.0,9.021329766750426
2026-04-07 09:09:19,0.40790255675912873,33.578125,6.60959,42.86062437059416,0.0,6.60959,0.09546945870974996,0.06204241155419926,0.18031980263157893,9.361574074074074,9.809333333333335,42.0,42.0,9.463601278522747
2026-04-07 09:09:34,0.5090238472827164,59.23046875,15.607569822672577,35.8,24.563024444444444,8.955454621771867,0.09412720970493269,0.05895731751824818,0.17383017269736842,10.0,10.0,41.0,1.0,9.905872790295067
2026-04-07 09:09:49,0.48761283062298755,29.42578125,24.904954761904758,36.6,24.566666666666666,0.33828809523809156,0.09586134797988606,0.06073651459854014,0.18104645559210525,10.0,10.0,41.0,1.0,9.904138652020114
2026-04-07 09:10:04,0.42112353499498556,31.359375,32.64952733333333,36.6,36.333333333333336,3.683806000000004,0.09595848814122802,0.03915005126953125,0.0970577156929348,0.3944050892857143,10.0,41.0,3.0,0.12149143999957529
2026-04-07 09:10:19,0.42055836271053665,31.55078125,37.0,37.800000000000004,36.333333333333336,0.6666666666666643,0.09599179997228044,0.0396484375,0.09809782608695654,0.44387755102040916,10.0,41.0,3.0,0.12129908284620024
2026-04-07 09:10:34,0.4203805774278215,31.52734375,37.14545454545454,37.2,37.233333333333334,0.08787878787879322,0.09611149101210999,0.03733624454148472,0.09097560975609759,0.2453752535496958,10.0,41.0,6.0,0.11881206754269011
2026-04-07 09:10:49,0.41941190622314967,31.8828125,37.090909090909086,37.0,37.233333333333334,0.1424242424242479,0.09608214339867259,0.03733624454148472,0.09097560975609759,0.2453752535496958,10.0,41.0,6.0,0.11922398541427492
2026-04-07 09:11:04,0.4260711030297306,32.09765625,36.96363636363636,38.4,36.40121337377913,0.5624229898572324,0.09615922810603691,0.0373859489051095,0.08755136986301372,0.22782085561497326,0.41121710526315974,41.0,2.0,0.14918825910931163
2026-04-07 09:11:19,0.4097901580974128,32.4765625,36.54545454545454,35.2,36.40121337377913,0.14424117167541084,0.09611507936507933,0.0373859489051095,0.08755136986301372,0.22782085561497326,0.41121710526315974,41.0,2.0,0.14955769230769217
2026-04-07 09:11:34,0.4065094568013315,32.62890625,36.763636363636365,38.2,35.4988167061098,1.2648196575265658,0.0961168316831683,0.032342342342342345,0.07970055710306409,0.21769978401727846,0.3824576271186442,41.0,2.0,0.035534753363228685
2026-04-07 09:11:49,0.4009312273414585,32.640625,36.65454545454545,38.8,35.49881670610979,1.1557287484356564,0.09591886409736311,0.032342342342342345,0.07970055710306409,0.21769978401727846,0.3824576271186442,41.0,2.0,0.03597877358490567
2026-04-07 09:12:04,0.40003533509977957,32.6953125,37.14545454545454,36.8,37.86792893096437,0.7224743855098268,0.09585728952772071,0.030204545454545453,0.07685249307479222,0.21262152777777765,0.36572115384615317,41.0,1.0,0.10439872798434424
2026-04-07 09:12:19,0.4061076064799914,32.6796875,37.63636363636363,38.6,37.86792893096437,0.23156529460073472,0.0956947916666667,0.030204545454545453,0.07685249307479222,0.21262152777777765,0.36572115384615317,41.0,1.0,0.10431972365533997
2026-04-07 09:12:34,0.33770853435114495,32.6796875,37.63636363636363,39.4,36.1321289290357,1.5042347073279316,0.09566004184100421,0.024619755244755247,0.06963751868460388,0.196195652173913,0.2466048593350383,41.0,2.0,0.12153168905265657
2026-04-07 09:12:49,0.40977788327929604,32.734375,37.309090909090905,39.199999999999996,36.132128929035694,1.1769619800552107,0.09535448577680528,0.024619755244755247,0.06963751868460388,0.196195652173913,0.2466048593350383,41.0,2.0,0.12154954488537847
2026-04-07 09:13:04,0.41308637003730536,32.71484375,35.45454545454545,16.8,37.234574485816196,1.7800290312707432,0.0954540481400438,0.030236185383244206,0.07728701117318437,0.2073692468619247,0.24925627615062765,41.0,2.0,0.10770490196078421
2026-04-07 09:13:19,0.24787979692043682,32.68359375,25.454545454545453,0.4,37.234574485816196,11.780029031270743,0.09553325123152709,0.030236185383244206,0.07728701117318437,0.2073692468619247,0.24925627615062765,41.0,2.0,0.1075401583710406
2026-04-07 09:13:34,0.1858741394339388,30.7421875,15.327272727272726,0.4,10.731415063942313,4.595857663330413,0.09554347826086959,0.0298046702588623,0.0768805334735238,0.20665312499999994,0.24917559691011226,39.0,1.0,0.0566747343749997
2026-04-07 09:13:49,0.037083255289868965,51.12890625,5.575913333333334,2.0,10.732975567481082,5.157062234147748,0.09584526777620388,0.029803236844625432,0.0768628675295478,0.2065477879213482,0.24907025983146053,39.0,1.0,0.05173623485402232
2026-04-07 09:14:04,0.05393174204146103,53.46875,2.618639166666667,12.6,0.36666666666666664,2.2519725000000004,0.09653289077927692,0.03152097870222403,0.0747427466452116,0.19587648876404493,0.24475289325842706,41.0,1.0,0.07471557911502719
2026-04-07 09:14:19,0.10921943424889985,26.90625,8.145456666666666,25.4,0.36666666666666664,7.77879,0.09756492888026021,0.031517806875371826,0.07471597542171544,0.19566581460674162,0.24454221910112378,41.0,1.0,0.013627219230001486
2026-04-07 09:14:34,0.20995298249425345,30.046875,16.387605,33.2,15.966666666666667,0.42093833333333386,0.1128816287689715,0.028255651013202675,0.07454178818176539,0.2010861559139784,0.30383541666666825,33.0,6.0,0.016177123664343207
2026-04-07 09:14:49,0.3068178512518508,30.86328125,25.223621515151514,35.2,15.966666666666667,9.256954848484847,0.17514007286350716,0.0282523421098011,0.07449424593603488,0.20068293010752686,0.2975854166666692,33.0,6.0,0.02260881110964283
2026-04-07 09:15:04,0.38415679141466963,30.97265625,33.10909090909091,35.0,33.96666666666667,0.8575757575757592,0.17973528714028947,0.11224874371859296,0.25825140449438205,0.47018960674157295,0.7798437500000033,42.0,9.0,0.3118579330277062
2026-04-07 09:15:19,0.25918022500000004,30.97265625,34.90909090909091,32.8,33.96666666666667,0.942424242424238,0.17897594985455023,0.11224874371859296,0.25825140449438205,0.47018960674157295,0.7798437500000033,42.0,9.0,0.3063428468208083
2026-04-07 09:15:34,0.3826744297884034,31.71484375,35.4,36.199999999999996,34.766666666666666,0.6333333333333329,0.16282238754000516,0.18076102418207682,0.35427852348993283,0.6956349206349202,0.9645238095238093,41.0,8.0,0.7533299969669408
2026-04-07 09:15:49,0.38616240764271265,31.83203125,35.29090909090909,33.8,34.766666666666666,0.5242424242424235,0.16126864184501602,0.18076102418207682,0.35427852348993283,0.6956349206349202,0.9645238095238093,41.0,8.0,0.7444035900405301
2026-04-07 09:16:04,0.32563744543470735,31.95703125,35.54545454545454,38.8,35.233333333333334,0.31212121212120536,0.15192452830188766,0.21991525423728814,0.38940972222222225,0.7617383512544801,0.9853225806451611,41.0,6.0,0.6618999999999983
2026-04-07 09:16:19,0.38685002254079887,31.9921875,35.43636363636364,32.0,35.233333333333334,0.20303030303030312,0.15842105263157788,0.21991525423728814,0.38940972222222225,0.7617383512544801,0.9853225806451611,41.0,6.0,0.6436818181818171
2026-04-07 09:16:34,0.3969501965652804,32.36328125,35.418181818181814,37.8,34.501150038334615,0.9170317798471999,0.13477551020408146,0.22542964554242748,0.4018888354186718,0.8214809384164217,1.1564285714285645,41.0,15.0,0.6373644602048858
2026-04-07 09:16:49,0.32707389547139476,32.36328125,36.018181818181816,37.6,34.501150038334615,1.5170317798472013,0.12321739130434617,0.22542964554242748,0.4018888354186718,0.8214809384164217,1.1564285714285645,41.0,15.0,0.658049645390071
2026-04-07 09:17:04,0.3937227128623188,22.13671875,35.309090909090905,32.8,35.96546781773941,0.6563769086485038,0.1347346938775531,0.2095352564102564,0.38412363455809334,0.7877147766323014,1.1409999999999862,41.0,15.0,0.6423361024575964
2026-04-07 09:17:19,0.33666853932584256,29.2109375,30.345454545454544,0.4,35.9654678177394,5.620013272284858,0.12836363636363732,0.2095352564102564,0.38412363455809334,0.7877147766323014,1.1409999999999862,41.0,15.0,0.6650990654205617
2026-04-07 09:17:34,0.203336075,32.2421875,22.075904814814812,0.4,24.395054444444444,2.3191496296296314,0.1492558139534885,0.2335364943045563,0.42043628804680755,0.8817970952836156,1.8178222549999927,24.0,1.0,0.8456101987793516
2026-04-07 09:17:49,0.19279635337386056,51.01953125,12.598796666666665,0.4,24.5,11.901203333333335,0.15237924571595904,0.23354316546762588,0.42034851811196483,0.8808583106267028,1.7952999999999946,24.0,1.0,0.815256270665275
2026-04-07 09:18:04,0.08189844970791951,20.05078125,2.3704344444444447,0.4,0.0,2.3704344444444447,0.1494710671457447,0.2557655486399241,0.44301550795733313,0.912098244609451,1.997733047297282,24.0,1.0,0.5458734374761003
2026-04-07 09:18:19,0.024651100365476523,20.3515625,0.8362266666666667,3.4,0.0,0.8362266666666667,0.1307022103873369,0.2557755775577557,0.4428630363036304,0.91080586080586,1.9672972972972833,24.0,1.0,0.27649060428692573
2026-04-07 09:18:34,0.07364140532996032,24.8515625,4.887146666666667,20.2,1.6,3.287146666666667,0.10447586428721406,0.3048028504144541,0.5052650354590097,0.9776852589717553,2.3800427980769197,12.0,5.0,0.007107771097751084
2026-04-07 09:18:49,0.09336369621847537,24.8515625,12.108838095238095,30.0,1.6,10.508838095238096,0.09961689032477652,0.30471887550200794,0.5037650602409635,0.9754518072289151,2.336730769230769,12.0,5.0,0.008882478688547232
2026-04-07 09:19:04,0.259855167685817,29.82421875,21.81032,37.4,24.8,2.98968,0.09752491033872109,0.041521739130434776,0.08994974874371861,0.22685714285714284,0.3900000000000006,41.0,3.0,0.13235054653927547
2026-04-07 09:19:19,0.4086693104232111,30.8671875,30.672727272727272,36.0,24.8,5.872727272727271,0.09760382474915615,0.041521739130434776,0.08994974874371861,0.22685714285714284,0.3900000000000006,41.0,3.0,0.13176870748299319
2026-04-07 09:19:34,0.3853443403358553,31.04296875,35.599999999999994,37.8,36.733333333333334,1.13333333333334,0.09732571206191712,0.06862745098039215,0.17842548076923076,0.45676605504587137,0.852407407407406,41.0,2.0,0.42002179613241536
2026-04-07 09:19:49,0.4416557869270316,31.47265625,37.072741819239745,36.8,36.733333333333334,0.3394084859064108,0.09705933237657072,0.06862745098039215,0.17842548076923076,0.45676605504587137,0.852407407407406,41.0,2.0,0.420531499345004
2026-04-07 09:20:04,0.41428575109507865,31.51953125,36.96363636363636,38.0,36.46666666666667,0.4969696969696926,0.09686279203403501,0.05136000000000001,0.13389679715302502,0.40740740740740716,0.7555555555555534,41.0,4.0,0.12287291847023477
2026-04-07 09:20:19,0.4154429917908179,31.8203125,37.18341090909091,38.6,36.46666666666667,0.716744242424241,0.09705761846056138,0.05136000000000001,0.13389679715302502,0.40740740740740716,0.7555555555555534,41.0,4.0,0.12306678340606161
2026-04-07 09:20:34,0.4296637758989804,31.88671875,37.22539818181818,36.6,36.5,0.7253981818181785,0.09705053144775415,0.050403817914831124,0.1346199059561129,0.4033424908424911,0.7329464285714269,42.0,8.0,0.15012989129100435
2026-04-07 09:20:49,0.43685639474233257,31.91796875,37.34827948051948,38.6,36.5,0.84827948051948,0.09689219462720004,0.050403817914831124,0.1346199059561129,0.4033424908424911,0.7329464285714269,42.0,8.0,0.1498557984114931
2026-04-07 09:21:04,0.42638859184552624,32.21484375,37.38288654545454,38.0,37.201240041334714,0.18164650411982564,0.09678163937295176,0.03649150743099788,0.08916095890410959,0.2356339928057553,0.43275462962962974,42.0,3.0,0.1385683551173998
2026-04-07 09:21:19,0.3559514282612249,25.97265625,37.10909090909091,37.4,37.201240041334714,0.09214913224380439,0.09645358822790064,0.03649150743099788,0.08916095890410959,0.2356339928057553,0.43275462962962974,42.0,3.0,0.13886942933679666
2026-04-07 09:21:34,0.42101985991473057,29.90625,37.21818181818182,36.2,36.73210892970234,0.4860728884794767,0.09667111671229617,0.041796066252588,0.09349025974025978,0.2373819218241044,0.43379545454545465,42.0,12.0,0.13253354779411766
2026-04-07 09:21:49,0.4137161671658369,31.6484375,37.29090909090909,37.199999999999996,36.732108929702335,0.5588001612067544,0.09667246483315023,0.041796066252588,0.09349025974025978,0.2373819218241044,0.43379545454545465,42.0,12.0,0.1328322111977321
2026-04-07 09:22:04,0.4164205971618409,32.23046875,37.21818181818182,36.4,36.93333333333333,0.2848484848484887,0.09666146725403277,0.036132437619961606,0.08541122715404699,0.2252457466918713,0.4004605263157881,41.0,3.0,0.10764368382171867
2026-04-07 09:22:19,0.4020022429775527,31.9296875,37.345454545454544,38.8002002002002,36.93333333333333,0.4121212121212139,0.09623638132295717,0.036132437619961606,0.08541122715404699,0.2252457466918713,0.4004605263157881,41.0,3.0,0.10838363983344886
2026-04-07 09:22:34,0.4028269486536574,32.0234375,37.07272727272727,35.6,37.03333333333333,0.03939393939393909,0.09630648330058934,0.031665085388994305,0.08133827683615819,0.22873927038626604,0.423932291666667,41.0,3.0,0.16518678380443044
2026-04-07 09:22:49,0.395692283061159,32.0234375,38.63636363636363,46.4,37.03333333333333,1.6030303030303017,0.09635528756957325,0.031665085388994305,0.08133827683615819,0.22873927038626604,0.423932291666667,41.0,3.0,0.1648798580601551
2026-04-07 09:23:04,0.4418023707027226,32.63671875,40.69090909090909,46.199999999999996,39.766666666666666,0.9242424242424221,0.09633448275862065,0.03876237623762376,0.0947782546494993,0.3000000000000003,0.47770833333333385,52.0,12.0,0.3085378164191733
2026-04-07 09:23:19,0.46971091508130497,32.6484375,42.490909090909085,43.4,39.766666666666666,2.7242424242424192,0.0966336939721793,0.03876237623762376,0.0947782546494993,0.3000000000000003,0.47770833333333385,52.0,12.0,0.3078141149480798
2026-04-07 09:23:34,0.48608745723761493,32.62109375,44.76363636363636,47.599999999999994,44.06666666666666,0.6969696969696955,0.09703804347826087,0.07736842105263159,0.21226823238566128,0.47962147887323947,0.9657547169811325,52.0,9.0,0.6961999771845758
2026-04-07 09:23:49,0.4895655091364015,32.58203125,44.74545454545454,43.4,44.06666666666666,0.6787878787878796,0.097259375,0.07736842105263159,0.21226823238566128,0.47962147887323947,0.9657547169811325,52.0,9.0,0.6961099632690533
2026-04-07 09:24:04,0.49376464755153276,32.90234375,44.72727272727273,42.4,44.86666666666667,0.1393939393939405,0.09737426900584793,0.16370738636363635,0.33683252427184474,0.6983134920634907,1.094342105263127,51.0,4.0,0.7166090433859265
2026-04-07 09:24:19,0.48661827327522694,32.72265625,44.836363636363636,42.8,44.86666666666667,0.030303030303031164,0.09756283856988081,0.16370738636363635,0.33683252427184474,0.6983134920634907,1.094342105263127,51.0,4.0,0.7167123691843931
2026-04-07 09:24:34,0.48787824760069054,32.75390625,44.56363636363636,43.0,44.13333333333333,0.43030303030302974,0.09761336032388665,0.20488530161427357,0.37568306010928953,0.7637254901960779,1.4616326530612145,51.0,10.0,0.5128878483399991
2026-04-07 09:24:49,0.49100493152229047,32.75390625,44.36363636363636,42.2,44.13333333333333,0.2303030303030269,0.0976083418107833,0.20488530161427357,0.37568306010928953,0.7637254901960779,1.4616326530612145,51.0,10.0,0.5129683239645922
2026-04-07 09:25:04,0.49841708375041716,32.65625,44.945454545454545,47.8,44.0,0.9454545454545453,0.09754663212435234,0.22448818897637796,0.39450813609467467,0.7946891191709844,1.0434210526315728,51.0,5.0,0.752664785553047
2026-04-07 09:25:19,0.4870564897602058,32.6640625,45.36363636363636,45.6,44.0,1.3636363636363598,0.09738655913978495,0.22448818897637796,0.39450813609467467,0.7946891191709844,1.0434210526315728,51.0,5.0,0.7529855769230765
2026-04-07 09:25:34,0.48205740190162166,32.70703125,45.81818181818181,47.599999999999994,46.266666666666666,0.4484848484848527,0.0973158747300216,0.1577390599675851,0.31497912317327764,0.6810408921933084,0.9808178438661713,51.0,8.0,0.3290031649245065
2026-04-07 09:25:49,0.48666260921835075,32.64453125,45.92727272727272,45.2,46.266666666666666,0.33939393939394336,0.0972642934196332,0.1577390599675851,0.31497912317327764,0.6810408921933084,0.9808178438661713,51.0,8.0,0.3289681380968741
2026-04-07 09:26:04,0.49109215862507405,32.61328125,45.92727272727272,48.0,44.733333333333334,1.193939393939388,0.09723430735930737,0.16004382761139518,0.3005010548523206,0.6138297872340421,0.9585106382978719,51.0,7.0,0.3828523367152034
2026-04-07 09:26:19,0.4809938792903075,32.66015625,45.527272727272724,45.8,44.733333333333334,0.7939393939393895,0.09710133630289532,0.16004382761139518,0.3005010548523206,0.6138297872340421,0.9585106382978719,51.0,7.0,0.3828338720103424
2026-04-07 09:26:34,0.4768801859666158,32.91015625,45.61818181818182,46.0,46.03333333333333,0.41515151515151416,0.09706130483689537,0.0979758149316509,0.21833133971291863,0.46244283536585346,0.8467894736842081,51.0,5.0,0.35401411861841164
2026-04-07 09:26:49,0.4749288857375236,32.9375,45.8545527275372,47.6,46.03333333333333,0.17878060579613475,0.09706145251396646,0.0979758149316509,0.21833133971291863,0.46244283536585346,0.8467894736842081,51.0,5.0,0.35405665055421254
2026-04-07 09:27:04,0.480432238703265,32.984375,45.709090909090904,46.199999999999996,45.333333333333336,0.37575757575756796,0.09719539614561029,0.1426197283774124,0.25538310961968663,0.4837388143176732,0.9275203252032497,51.0,14.0,0.43618413059984984
2026-04-07 09:27:19,0.4916343874004879,32.984375,45.490909090909085,44.2,45.333333333333336,0.15757575757574926,0.09729778247096092,0.1426197283774124,0.25538310961968663,0.4837388143176732,0.9275203252032497,51.0,14.0,0.4358932905067825
2026-04-07 09:27:34,0.49145595109672796,32.91015625,45.85454545454545,48.4,43.96666666666667,1.8878787878787833,0.09725321199143468,0.13685647425897035,0.2633779264214046,0.48968784838350055,0.9610294117647069,51.0,19.0,0.3972339192143007
2026-04-07 09:27:49,0.48755839122331396,32.890625,45.47272727272727,45.8,43.96666666666667,1.5060606060606005,0.09717125550660792,0.13685647425897035,0.2633779264214046,0.48968784838350055,0.9610294117647069,51.0,19.0,0.39726986192327707
2026-04-07 09:28:04,0.47638818426759516,32.95703125,45.70909090909091,46.2,45.733333333333334,0.02424242424242351,0.09715209988649262,0.14762693156732892,0.2730405405405404,0.4920135135135135,0.9665140845070408,51.0,3.0,0.370508949706951
2026-04-07 09:28:19,0.4727252572598452,33.0078125,45.10909090909091,42.6,45.733333333333334,0.6242424242424249,0.09729577464788733,0.14762693156732892,0.2730405405405404,0.4920135135135135,0.9665140845070408,51.0,3.0,0.37041000086877746
2026-04-07 09:28:34,0.47595078508929634,32.98828125,44.599999999999994,43.2,44.36666666666667,0.23333333333332718,0.09721962095875136,0.1507983193277311,0.3068418314255984,0.6339826839826833,0.9822077922077912,51.0,5.0,0.7231305158382779
2026-04-07 09:28:49,0.4844067550024626,32.91015625,44.945454545454545,45.8,44.36666666666667,0.5787878787878782,0.09724277777777779,0.1507983193277311,0.3068418314255984,0.6339826839826833,0.9822077922077912,51.0,5.0,0.7230473622600283
2026-04-07 09:29:04,0.48186738811104346,32.93359375,44.47272727272727,46.199999999999996,44.6,0.1272727272727323,0.09717235494880545,0.10924744897959182,0.23810586734693875,0.523429319371726,0.9465706806282725,51.0,10.0,0.26672802511415517
2026-04-07 09:29:19,0.47893065056470524,32.93359375,45.418181818181814,46.0,44.6,0.818181818181813,0.09723439273552781,0.10924744897959182,0.23810586734693875,0.523429319371726,0.9465706806282725,51.0,10.0,0.2666496040723982
2026-04-07 09:29:34,0.4772051450246693,32.93359375,45.49090909090909,46.2,44.93333333333333,0.557575757575762,0.09732544052863437,0.14431558935361216,0.2721636259977195,0.5109210526315785,0.9337631578947359,51.0,3.0,0.38188211812235456
2026-04-07 09:29:49,0.4893123165228059,33.01171875,45.236363636363635,42.6,44.93333333333333,0.30303030303030454,0.09742857142857145,0.14431558935361216,0.2721636259977195,0.5109210526315785,0.9337631578947359,51.0,3.0,0.38171476995390025
2026-04-07 09:30:04,0.49171315828449347,33.13671875,45.69090909090909,46.4,44.9,0.7909090909090892,0.09747455867082036,0.1675576923076923,0.3232909181636726,0.6801282051282038,0.9755860805860802,51.0,1.0,0.8110678791701708
2026-04-07 09:30:19,0.41877462306262625,33.1171875,45.67272727272727,48.4,44.9,0.7727272727272734,0.09753842213114754,0.1675576923076923,0.3232909181636726,0.6801282051282038,0.9755860805860802,51.0,1.0,0.8110202809451846
2026-04-07 09:30:34,0.4046123668363636,33.1171875,45.45454545454545,41.2,44.96666666666667,0.4878787878787847,0.09764464464464462,0.28426846590909094,0.46377840909090906,0.9289361702127658,1.9823404255319115,56.0,36.0,1.0712101296307297
2026-04-07 09:30:49,0.49967821386892614,33.15625,45.309090909090905,40.0,44.96666666666667,0.3424242424242365,0.09774903846153851,0.28426846590909094,0.46377840909090906,0.9289361702127658,1.9823404255319115,56.0,36.0,1.0710796627763428
2026-04-07 09:31:04,0.4999608595342839,33.10546875,45.490909090909085,51.2,43.4,2.0909090909090864,0.09778712406015036,0.4333561175666439,0.7279356768885564,1.420817120622565,2.3542023346303487,56.0,38.0,1.873896929446265
2026-04-07 09:31:19,0.5002839466495256,33.10546875,45.92727272727272,47.8,43.4,2.527272727272724,0.0978472222222222,0.4333561175666439,0.7279356768885564,1.420817120622565,2.3542023346303487,56.0,38.0,1.8738172366385977
2026-04-07 09:31:34,0.49982056997586694,33.19140625,45.98181818181818,46.0,46.833333333333336,0.8515151515151587,0.09787304507819686,0.4655678851174935,0.7671324018629407,1.5578595317725736,2.3717725752508363,56.0,34.0,0.8979861152778819
2026-04-07 09:31:49,0.49981462675255817,33.10546875,46.709090909090904,52.4,46.833333333333336,0.12424242424243204,0.09787761601455867,0.4655678851174935,0.7671324018629407,1.5578595317725736,2.3717725752508363,56.0,34.0,0.8981050699232597
2026-04-07 09:32:04,0.4996379503312266,33.10546875,46.81818181818181,48.8,46.86666666666667,0.048484848484854126,0.09782379654859219,0.45383302296710115,0.7539089645587215,1.5568993506493494,2.3581331168831166,56.0,20.0,1.1135308771929835
2026-04-07 09:32:19,0.5000044281569713,33.09375,46.98181818181818,47.6,46.86666666666667,0.1151515151515099,0.09778061224489794,0.45383302296710115,0.7539089645587215,1.5568993506493494,2.3581331168831166,56.0,20.0,1.1136473579366755
2026-04-07 09:32:34,0.4121254415679979,33.09375,47.599999999999994,41.2,46.53333333333333,1.0666666666666629,0.09772863849765256,0.37602908891328213,0.571826550387597,0.9794815891472868,2.1588650306748463,56.0,16.0,0.806691914425043
2026-04-07 09:32:49,0.41327628925511983,33.12890625,46.36363636363636,45.0,46.53333333333333,0.16969696969697168,0.09772334293948129,0.37602908891328213,0.571826550387597,0.9794815891472868,2.1588650306748463,56.0,16.0,0.8065679299823347
2026-04-07 09:33:04,0.4993407067166283,33.10546875,46.6,43.6,46.36666666666667,0.23333333333333428,0.09758797653958942,0.3773761520737327,0.592894239848914,0.9888338054768646,2.2637719298245575,56.0,3.0,1.211458515283843
2026-04-07 09:33:19,0.350906111111111,32.984375,47.50909090909091,49.6,46.36666666666667,1.1424242424242408,0.0974792694965449,0.3773761520737327,0.592894239848914,0.9888338054768646,2.2637719298245575,56.0,3.0,1.2115662393162396
2026-04-07 09:33:34,0.4995828923990078,33.13671875,46.81818181818181,45.4,47.06666666666666,0.24848484848484986,0.09745214356929217,0.3496478873239437,0.4975,0.9526707048458151,2.079078947368421,56.0,36.0,0.7869601051492191
2026-04-07 09:33:49,0.4999711444442129,33.0,47.74545454545454,49.6,47.06666666666666,0.6787878787878796,0.0974,0.3496478873239437,0.4975,0.9526707048458151,2.079078947368421,56.0,36.0,0.7871107267268422
2026-04-07 09:34:04,0.49786080985559883,33.078125,47.63636363636363,46.0,48.166666666666664,0.5303030303030312,0.09740101522842641,0.33312616532007455,0.4981354878806712,0.9658509454949944,2.1881751824817526,56.0,12.0,0.8523853515977238
2026-04-07 09:34:19,0.4976813511579041,33.0625,47.10909090909091,43.4,48.166666666666664,1.057575757575755,0.09741807348560079,0.33312616532007455,0.4981354878806712,0.9658509454949944,2.1881751824817526,56.0,12.0,0.8523178280791636
2026-04-07 09:34:34,0.4980618686356442,33.2109375,47.490909090909085,50.4,45.5,1.990909090909085,0.0973913470993117,0.3348922902494331,0.4844812925170068,0.9411164465786312,2.030776699029121,56.0,27.0,0.8729439387839486
2026-04-07 09:34:49,0.41825551569088143,33.2109375,47.0,47.4,45.5,1.5,0.09739319923371648,0.3348922902494331,0.4844812925170068,0.9411164465786312,2.030776699029121,56.0,27.0,0.872827628535008
2026-04-07 09:35:04,0.4995679060954308,32.99609375,47.599999999999994,48.2,47.63333333333333,0.033333333333338544,0.09734634146341464,0.34126439934174435,0.4865948985189249,0.9406874265569916,2.0189603960396023,56.0,16.0,0.7896825852646495
2026-04-07 09:35:19,0.48922100832810994,33.0390625,47.836363636363636,47.0,47.63333333333333,0.20303030303030312,0.09732234251968504,0.34126439934174435,0.4865948985189249,0.9406874265569916,2.0189603960396023,56.0,16.0,0.7898086187495607
2026-04-07 09:35:34,0.48438331366930576,33.078125,47.36363636363636,45.0,47.13333333333333,0.2303030303030269,0.09734362745098038,0.3231292517006803,0.4722222222222222,0.9181347150259067,1.8733333333333346,56.0,29.0,0.7554055263815951
2026-04-07 09:35:49,0.4896920593080723,33.125,46.58181818181818,44.0,47.13333333333333,0.5515151515151544,0.09741369334619095,0.3231292517006803,0.4722222222222222,0.9181347150259067,1.8733333333333346,56.0,29.0,0.7554073075161566
2026-04-07 09:36:04,0.5000733641914952,33.16796875,45.25454545454545,44.0,45.03333333333333,0.22121212121211897,0.09746760154738877,0.3471355643788996,0.4958167895632445,0.9432092004381162,1.9805102040816305,56.0,28.0,0.9348171420127078
2026-04-07 09:36:19,0.5000046498111025,33.46484375,44.345454545454544,49.0,45.03333333333333,0.6878787878787875,0.09745780176643767,0.3471355643788996,0.4958167895632445,0.9432092004381162,1.9805102040816305,56.0,28.0,0.9347860398605765
2026-04-07 09:36:34,0.5000449063996515,33.12109375,44.21818181818182,44.199999999999996,43.46666666666667,0.7515151515151501,0.09750727449078564,0.3950937709310114,0.6633570234113714,1.0675000000000041,2.352447368421057,56.0,29.0,1.697648874865215
2026-04-07 09:36:49,0.49986936108115027,33.21484375,43.89090909090909,49.0,43.46666666666667,0.4242424242424221,0.09752431906614785,0.3950937709310114,0.6633570234113714,1.0675000000000041,2.352447368421057,56.0,29.0,1.697610363120668
2026-04-07 09:37:04,0.49978352119080116,33.18359375,45.090909090909086,50.6,43.233333333333334,1.857575757575752,0.09762839737582006,0.532069970845481,0.8201166180758017,1.76725663716814,2.4667256637168142,56.0,20.0,1.9528665554479239
2026-04-07 09:37:19,0.4997672589322082,33.140625,45.61818181818182,46.6,43.233333333333334,2.384848484848483,0.09761487758945384,0.532069970845481,0.8201166180758017,1.76725663716814,2.4667256637168142,56.0,20.0,1.9529285021460263
2026-04-07 09:37:34,0.49994580977836667,33.14453125,47.38181818181818,45.8,48.3,0.9181818181818144,0.09761742424242426,0.45583994232155733,0.763927097661623,1.6365979381443287,2.47164948453608,56.0,25.0,0.8012017690067271
2026-04-07 09:37:49,0.5001571187695335,33.07421875,47.709090909090904,42.4,48.3,0.5909090909090935,0.09759186602870813,0.45583994232155733,0.763927097661623,1.6365979381443287,2.47164948453608,56.0,25.0,0.8012798732463696
